2025-10-31 09:31:44.412449 +0900 JST m=+72.911355201,その他
2025-10-31 09:31:44.7328673 +0900 JST m=+73.231773501,その他
2025-10-31 09:31:45.0323333 +0900 JST m=+73.531239501,その他
2025-10-31 09:31:45.2843832 +0900 JST m=+73.783289401,その他
2025-10-31 09:31:45.5680961 +0900 JST m=+74.067002301,その他
2025-10-31 09:31:45.8157802 +0900 JST m=+74.314686401,その他
2025-10-31 09:31:46.1189352 +0900 JST m=+74.617841401,その他
2025-10-31 09:31:46.2627103 +0900 JST m=+74.761616501,その他
2025-10-31 09:31:46.6434836 +0900 JST m=+75.142389801,その他
2025-10-31 09:31:46.923949 +0900 JST m=+75.422855201,その他
2025-10-31 09:31:47.2839667 +0900 JST m=+75.782872901,その他
2025-10-31 09:31:47.5832661 +0900 JST m=+76.082172301,その他
2025-10-31 09:31:47.8974069 +0900 JST m=+76.396313101,その他
2025-10-31 09:31:48.2476034 +0900 JST m=+76.746509601,その他
2025-10-31 09:31:48.6161362 +0900 JST m=+77.115042401,その他
2025-10-31 09:31:48.9313667 +0900 JST m=+77.430272901,その他
2025-10-31 09:31:49.2958911 +0900 JST m=+77.794797301,その他
2025-10-31 09:31:49.6442927 +0900 JST m=+78.143198901,その他
2025-10-31 09:31:50.0110423 +0900 JST m=+78.509948501,その他
2025-10-31 09:31:50.3428016 +0900 JST m=+78.841707801,その他
2025-10-31 09:31:50.7243736 +0900 JST m=+79.223279801,その他
2025-10-31 09:31:51.0745118 +0900 JST m=+79.573418001,その他
2025-10-31 09:31:51.3939222 +0900 JST m=+79.892828401,その他
2025-10-31 09:31:51.7367506 +0900 JST m=+80.235656801,その他
2025-10-31 09:31:52.1018227 +0900 JST m=+80.600728901,その他
2025-10-31 09:31:52.8129536 +0900 JST m=+81.311859801,その他
2025-10-31 09:31:53.01552 +0900 JST m=+81.514426201,その他
2025-10-31 09:31:53.3761788 +0900 JST m=+81.875085001,その他
2025-10-31 09:31:53.8654157 +0900 JST m=+82.364321901,その他
2025-10-31 09:31:54.0793963 +0900 JST m=+82.578302501,その他
2025-10-31 09:31:54.3322032 +0900 JST m=+82.831109401,その他
2025-10-31 09:31:54.6275955 +0900 JST m=+83.126501701,その他
2025-10-31 09:31:54.9507788 +0900 JST m=+83.449685001,その他
2025-10-31 09:31:55.3180438 +0900 JST m=+83.816950001,その他
2025-10-31 09:31:55.6810201 +0900 JST m=+84.179926301,その他
2025-10-31 09:31:56.078975 +0900 JST m=+84.577881201,その他
2025-10-31 09:31:56.4464601 +0900 JST m=+84.945366301,その他
2025-10-31 09:31:56.9305469 +0900 JST m=+85.429453101,その他
2025-10-31 09:31:57.4894183 +0900 JST m=+85.988324501,その他
2025-10-31 09:31:57.755418 +0900 JST m=+86.254324201,その他
2025-10-31 09:31:58.5729237 +0900 JST m=+87.071829901,その他
2025-10-31 09:31:59.6348244 +0900 JST m=+88.133730601,その他
2025-10-31 09:31:59.9868989 +0900 JST m=+88.485805101,その他
2025-10-31 09:32:00.3349412 +0900 JST m=+88.833847401,その他
2025-10-31 09:32:02.8397399 +0900 JST m=+91.338646101,その他
2025-10-31 09:32:06.7989482 +0900 JST m=+95.297854401,その他
2025-10-31 09:32:14.427808 +0900 JST m=+102.926714201,その他
2025-10-31 09:32:17.3595481 +0900 JST m=+105.858454301,その他
2025-10-31 09:32:17.5933975 +0900 JST m=+106.092303701,その他
2025-10-31 09:32:17.8583504 +0900 JST m=+106.357256601,その他
2025-10-31 09:32:18.6028694 +0900 JST m=+107.101775601,その他
2025-10-31 09:32:18.834417 +0900 JST m=+107.333323201,その他
2025-10-31 09:32:23.5240132 +0900 JST m=+112.022919401,その他
2025-10-31 09:32:23.7412238 +0900 JST m=+112.240130001,その他
2025-10-31 09:32:23.9888269 +0900 JST m=+112.487733101,その他
2025-10-31 09:32:24.3382056 +0900 JST m=+112.837111801,その他
2025-10-31 09:32:24.573997 +0900 JST m=+113.072903201,その他
2025-10-31 09:32:26.0914284 +0900 JST m=+114.590334601,その他
2025-10-31 09:32:27.1681199 +0900 JST m=+115.667026101,その他
2025-10-31 09:32:28.5084297 +0900 JST m=+117.007335901,その他
2025-10-31 09:32:29.6922786 +0900 JST m=+118.191184801,その他
2025-10-31 09:32:34.6365442 +0900 JST m=+123.135450401,親
2025-10-31 09:32:34.8366025 +0900 JST m=+123.335508701,親
2025-10-31 09:32:35.3229562 +0900 JST m=+123.821862401,親
2025-10-31 09:32:35.7674886 +0900 JST m=+124.266394801,親
2025-10-31 09:32:37.0906077 +0900 JST m=+125.589513901,親
2025-10-31 09:32:37.3491355 +0900 JST m=+125.848041701,親
2025-10-31 09:32:38.4622373 +0900 JST m=+126.961143501,親
2025-10-31 09:32:40.1163853 +0900 JST m=+128.615291501,親
2025-10-31 09:32:40.7666642 +0900 JST m=+129.265570401,親
2025-10-31 09:32:41.4179342 +0900 JST m=+129.916840401,親
2025-10-31 09:32:44.2703948 +0900 JST m=+132.769301001,親
2025-10-31 09:32:44.4872518 +0900 JST m=+132.986158001,親
2025-10-31 09:33:01.270776 +0900 JST m=+149.769682201,親
2025-10-31 09:33:02.9785746 +0900 JST m=+151.477480801,親
2025-10-31 09:33:03.4777781 +0900 JST m=+151.976684301,親
2025-10-31 09:33:04.1139046 +0900 JST m=+152.612810801,親
2025-10-31 09:33:06.1392894 +0900 JST m=+154.638195601,親
2025-10-31 09:33:06.6033 +0900 JST m=+155.102206201,親
2025-10-31 09:33:07.0353825 +0900 JST m=+155.534288701,親
2025-10-31 09:33:07.3841204 +0900 JST m=+155.883026601,親
2025-10-31 09:33:07.7322761 +0900 JST m=+156.231182301,親
2025-10-31 09:33:09.0708671 +0900 JST m=+157.569773301,親
2025-10-31 09:33:09.2694143 +0900 JST m=+157.768320501,親
2025-10-31 09:33:12.6988996 +0900 JST m=+161.197805801,親
2025-10-31 09:33:12.8986099 +0900 JST m=+161.397516101,親
2025-10-31 09:33:13.1977529 +0900 JST m=+161.696659101,親
2025-10-31 09:33:13.5634165 +0900 JST m=+162.062322701,親
2025-10-31 09:33:13.8477836 +0900 JST m=+162.346689801,親
2025-10-31 09:33:15.5890979 +0900 JST m=+164.088004101,その他
2025-10-31 09:33:17.0328945 +0900 JST m=+165.531800701,親
2025-10-31 09:33:18.430261 +0900 JST m=+166.929167201,親
2025-10-31 09:33:18.6459515 +0900 JST m=+167.144857701,親
2025-10-31 09:33:19.0120908 +0900 JST m=+167.510997001,親
2025-10-31 09:33:22.1636551 +0900 JST m=+170.662561301,親
2025-10-31 09:33:23.2860244 +0900 JST m=+171.784930601,親
2025-10-31 09:33:25.4843198 +0900 JST m=+173.983226001,小学生
2025-10-31 09:33:27.4611353 +0900 JST m=+175.960041501,親
2025-10-31 09:33:27.8421746 +0900 JST m=+176.341080801,親
2025-10-31 09:33:28.3238531 +0900 JST m=+176.822759301,親
2025-10-31 09:33:28.6736002 +0900 JST m=+177.172506401,親
2025-10-31 09:33:29.570232 +0900 JST m=+178.069138201,親
2025-10-31 09:33:29.8220812 +0900 JST m=+178.320987401,親
2025-10-31 09:33:30.1392878 +0900 JST m=+178.638194001,親
2025-10-31 09:33:30.4063826 +0900 JST m=+178.905288801,親
2025-10-31 09:33:31.4079134 +0900 JST m=+179.906819601,親
2025-10-31 09:33:31.6066903 +0900 JST m=+180.105596501,親
2025-10-31 09:33:33.651611 +0900 JST m=+182.150517201,親
2025-10-31 09:33:35.0295521 +0900 JST m=+183.528458301,親
2025-10-31 09:33:36.3257832 +0900 JST m=+184.824689401,親
2025-10-31 09:33:36.5077595 +0900 JST m=+185.006665701,親
2025-10-31 09:33:36.7404459 +0900 JST m=+185.239352101,親
2025-10-31 09:33:40.5214342 +0900 JST m=+189.020340401,親
2025-10-31 09:33:40.7196352 +0900 JST m=+189.218541401,親
2025-10-31 09:33:41.2343718 +0900 JST m=+189.733278001,親
2025-10-31 09:33:42.8190515 +0900 JST m=+191.317957701,親
2025-10-31 09:33:42.9856237 +0900 JST m=+191.484529901,親
2025-10-31 09:33:43.4686862 +0900 JST m=+191.967592401,親
2025-10-31 09:34:00.1248061 +0900 JST m=+208.623712301,親
2025-10-31 09:34:00.3243956 +0900 JST m=+208.823301801,親
2025-10-31 09:34:01.1382831 +0900 JST m=+209.637189301,親
2025-10-31 09:34:01.3222727 +0900 JST m=+209.821178901,親
2025-10-31 09:34:02.6239118 +0900 JST m=+211.122818001,親
2025-10-31 09:34:02.8244285 +0900 JST m=+211.323334701,親
2025-10-31 09:34:03.0580713 +0900 JST m=+211.556977501,親
2025-10-31 09:34:05.2545603 +0900 JST m=+213.753466501,親
2025-10-31 09:34:05.4219018 +0900 JST m=+213.920808001,親
2025-10-31 09:34:05.8873361 +0900 JST m=+214.386242301,親
2025-10-31 09:34:06.0556103 +0900 JST m=+214.554516501,親
2025-10-31 09:34:06.8894276 +0900 JST m=+215.388333801,親
2025-10-31 09:34:07.0714081 +0900 JST m=+215.570314301,親
2025-10-31 09:34:07.637755 +0900 JST m=+216.136661201,親
2025-10-31 09:34:09.4535996 +0900 JST m=+217.952505801,小学生
2025-10-31 09:34:10.9181746 +0900 JST m=+219.417080801,親
2025-10-31 09:34:11.0833038 +0900 JST m=+219.582210001,親
2025-10-31 09:34:12.0113 +0900 JST m=+220.510206201,小学生
2025-10-31 09:34:13.4673615 +0900 JST m=+221.966267701,親
2025-10-31 09:34:13.6178414 +0900 JST m=+222.116747601,親
2025-10-31 09:34:14.0504706 +0900 JST m=+222.549376801,親
2025-10-31 09:34:14.200617 +0900 JST m=+222.699523201,親
2025-10-31 09:34:14.3843592 +0900 JST m=+222.883265401,親
2025-10-31 09:34:18.5530794 +0900 JST m=+227.051985601,親
2025-10-31 09:34:18.7215459 +0900 JST m=+227.220452101,親
2025-10-31 09:34:18.9041252 +0900 JST m=+227.403031401,親
2025-10-31 09:34:19.6060292 +0900 JST m=+228.104935401,親
2025-10-31 09:34:19.7571087 +0900 JST m=+228.256014901,親
2025-10-31 09:34:20.5057134 +0900 JST m=+229.004619601,親
2025-10-31 09:34:20.9246986 +0900 JST m=+229.423604801,親
2025-10-31 09:34:21.0576159 +0900 JST m=+229.556522101,親
2025-10-31 09:34:21.5073453 +0900 JST m=+230.006251501,親
2025-10-31 09:34:23.7869831 +0900 JST m=+232.285889301,親
2025-10-31 09:34:23.9537918 +0900 JST m=+232.452698001,親
2025-10-31 09:34:24.4351567 +0900 JST m=+232.934062901,親
2025-10-31 09:34:28.8413305 +0900 JST m=+237.340236701,中高生男子
2025-10-31 09:34:30.9239156 +0900 JST m=+239.422821801,親
2025-10-31 09:34:32.3432195 +0900 JST m=+240.842125701,中高生男子
2025-10-31 09:34:32.4932712 +0900 JST m=+240.992177401,中高生男子
2025-10-31 09:34:37.7521499 +0900 JST m=+246.251056101,その他
2025-10-31 09:34:39.9326694 +0900 JST m=+248.431575601,親
2025-10-31 09:34:40.1015141 +0900 JST m=+248.600420301,親
2025-10-31 09:34:42.0211999 +0900 JST m=+250.520106101,親
2025-10-31 09:34:42.6525709 +0900 JST m=+251.151477101,親
2025-10-31 09:34:43.5661844 +0900 JST m=+252.065090601,親
2025-10-31 09:34:43.6331439 +0900 JST m=+252.132050101,親
2025-10-31 09:34:43.7502957 +0900 JST m=+252.249201901,親
2025-10-31 09:34:43.9491884 +0900 JST m=+252.448094601,親
2025-10-31 09:34:45.0757012 +0900 JST m=+253.574607401,その他
2025-10-31 09:34:45.2421031 +0900 JST m=+253.741009301,その他
2025-10-31 09:34:46.8064972 +0900 JST m=+255.305403401,親
2025-10-31 09:34:47.0069822 +0900 JST m=+255.505888401,親
2025-10-31 09:34:47.4399579 +0900 JST m=+255.938864101,親
2025-10-31 09:34:47.6560156 +0900 JST m=+256.154921801,親
2025-10-31 09:34:49.0502994 +0900 JST m=+257.549205601,親
2025-10-31 09:34:49.7965355 +0900 JST m=+258.295441701,小学生
2025-10-31 09:34:51.1135186 +0900 JST m=+259.612424801,親
2025-10-31 09:34:51.2974385 +0900 JST m=+259.796344701,親
2025-10-31 09:34:51.8955716 +0900 JST m=+260.394477801,親
2025-10-31 09:34:52.1105099 +0900 JST m=+260.609416101,親
2025-10-31 09:34:59.2903222 +0900 JST m=+267.789228401,親
2025-10-31 09:34:59.5076228 +0900 JST m=+268.006529001,親
2025-10-31 09:35:00.014243 +0900 JST m=+268.513149201,親
2025-10-31 09:35:00.196966 +0900 JST m=+268.695872201,親
2025-10-31 09:35:00.7010519 +0900 JST m=+269.199958101,その他
2025-10-31 09:35:01.0799345 +0900 JST m=+269.578840701,その他
2025-10-31 09:35:01.5636981 +0900 JST m=+270.062604301,その他
2025-10-31 09:35:02.347375 +0900 JST m=+270.846281201,親
2025-10-31 09:35:02.347375 +0900 JST m=+270.846281201,その他
2025-10-31 09:35:04.873761 +0900 JST m=+273.372667201,その他
2025-10-31 09:35:05.1400735 +0900 JST m=+273.638979701,その他
2025-10-31 09:35:05.3736205 +0900 JST m=+273.872526701,その他
2025-10-31 09:35:07.33442 +0900 JST m=+275.833326201,親
2025-10-31 09:35:07.5350832 +0900 JST m=+276.033989401,親
2025-10-31 09:35:08.5176573 +0900 JST m=+277.016563501,親
2025-10-31 09:35:13.0279622 +0900 JST m=+281.526868401,親
2025-10-31 09:35:13.243482 +0900 JST m=+281.742388201,親
2025-10-31 09:35:13.5410673 +0900 JST m=+282.039973501,親
2025-10-31 09:35:13.9224352 +0900 JST m=+282.421341401,親
2025-10-31 09:35:14.5702251 +0900 JST m=+283.069131301,親
2025-10-31 09:35:14.8365511 +0900 JST m=+283.335457301,親
2025-10-31 09:35:15.6033242 +0900 JST m=+284.102230401,小学生
2025-10-31 09:35:17.0690797 +0900 JST m=+285.567985901,親
2025-10-31 09:35:17.2686208 +0900 JST m=+285.767527001,親
2025-10-31 09:35:19.9564974 +0900 JST m=+288.455403601,その他
2025-10-31 09:35:21.9280041 +0900 JST m=+290.426910301,小学生
2025-10-31 09:35:22.6076333 +0900 JST m=+291.106539501,その他
2025-10-31 09:35:23.687586 +0900 JST m=+292.186492201,親
2025-10-31 09:35:25.9161551 +0900 JST m=+294.415061301,親
2025-10-31 09:35:28.4880359 +0900 JST m=+296.986942101,その他
2025-10-31 09:35:28.6544101 +0900 JST m=+297.153316301,その他
2025-10-31 09:35:31.2404496 +0900 JST m=+299.739355801,その他
2025-10-31 09:35:31.4244546 +0900 JST m=+299.923360801,その他
2025-10-31 09:35:32.3429074 +0900 JST m=+300.841813601,親
2025-10-31 09:35:33.1074723 +0900 JST m=+301.606378501,親
2025-10-31 09:35:33.261638 +0900 JST m=+301.760544201,親
2025-10-31 09:35:34.8745814 +0900 JST m=+303.373487601,親
2025-10-31 09:35:35.0412734 +0900 JST m=+303.540179601,親
2025-10-31 09:35:36.3523102 +0900 JST m=+304.851216401,親
2025-10-31 09:35:38.1399914 +0900 JST m=+306.638897601,親
2025-10-31 09:35:38.2880846 +0900 JST m=+306.786990801,親
2025-10-31 09:35:42.028125 +0900 JST m=+310.527031201,親
2025-10-31 09:35:42.2096487 +0900 JST m=+310.708554901,親
2025-10-31 09:35:42.3921922 +0900 JST m=+310.891098401,親
2025-10-31 09:35:43.2578889 +0900 JST m=+311.756795101,親
2025-10-31 09:35:43.7908422 +0900 JST m=+312.289748401,親
2025-10-31 09:35:44.1552984 +0900 JST m=+312.654204601,親
2025-10-31 09:35:45.0340185 +0900 JST m=+313.532924701,親
2025-10-31 09:35:46.1028444 +0900 JST m=+314.601750601,親
2025-10-31 09:35:46.2524566 +0900 JST m=+314.751362801,親
2025-10-31 09:35:49.2308978 +0900 JST m=+317.729804001,親
2025-10-31 09:35:49.4478496 +0900 JST m=+317.946755801,親
2025-10-31 09:35:49.7629027 +0900 JST m=+318.261808901,親
2025-10-31 09:35:50.3610223 +0900 JST m=+318.859928501,親
2025-10-31 09:35:51.1743372 +0900 JST m=+319.673243401,親
2025-10-31 09:35:51.4226271 +0900 JST m=+319.921533301,親
2025-10-31 09:35:52.4882443 +0900 JST m=+320.987150501,親
2025-10-31 09:35:54.9078209 +0900 JST m=+323.406727101,親
2025-10-31 09:35:55.839388 +0900 JST m=+324.338294201,親
2025-10-31 09:35:56.6025364 +0900 JST m=+325.101442601,小学生
2025-10-31 09:35:59.0929107 +0900 JST m=+327.591816901,親
2025-10-31 09:36:00.5411733 +0900 JST m=+329.040079501,親
2025-10-31 09:36:01.540681 +0900 JST m=+330.039587201,親
2025-10-31 09:36:01.7566687 +0900 JST m=+330.255574901,親
2025-10-31 09:36:04.9842449 +0900 JST m=+333.483151101,小学生
2025-10-31 09:36:05.7979206 +0900 JST m=+334.296826801,小学生
2025-10-31 09:36:06.864329 +0900 JST m=+335.363235201,親
2025-10-31 09:36:08.6241691 +0900 JST m=+337.123075301,親
2025-10-31 09:36:08.7897144 +0900 JST m=+337.288620601,親
2025-10-31 09:36:09.0390436 +0900 JST m=+337.537949801,親
2025-10-31 09:36:10.1679019 +0900 JST m=+338.666808101,親
2025-10-31 09:36:10.3518529 +0900 JST m=+338.850759101,親
2025-10-31 09:36:12.3551826 +0900 JST m=+340.854088801,その他
2025-10-31 09:36:12.9890762 +0900 JST m=+341.487982401,親
